Text,Author,Hashtags,Timestamp,Platform
“The world as we have created it is a process of our thinking. It cannot be changed without changing our thinking.”,Albert Einstein,#change #deep-thoughts #thinking #world,3/5/2026 3:55,WebScraper
"“It is our choices, Harry, that show what we truly are, far more than our abilities.”",J.K. Rowling,#abilities #choices,3/5/2026 3:55,WebScraper
“There are only two ways to live your life. One is as though nothing is a miracle. The other is as though everything is a miracle.”,Albert Einstein,#inspirational #life #live #miracle #miracles,3/5/2026 3:55,WebScraper
"“The person, be it gentleman or lady, who has not pleasure in a good novel, must be intolerably stupid.”",Jane Austen,#aliteracy #books #classic #humor,3/5/2026 3:55,WebScraper
"“Imperfection is beauty, madness is genius and it's better to be absolutely ridiculous than absolutely boring.”",Marilyn Monroe,#be-yourself #inspirational,3/5/2026 3:55,WebScraper
“Try not to become a man of success. Rather become a man of value.”,Albert Einstein,#adulthood #success #value,3/5/2026 3:55,WebScraper
“It is better to be hated for what you are than to be loved for what you are not.”,André Gide,#life #love,3/5/2026 3:55,WebScraper
"“I have not failed. I've just found 10,000 ways that won't work.”",Thomas A. Edison,#edison #failure #inspirational #paraphrased,3/5/2026 3:55,WebScraper
“A woman is like a tea bag; you never know how strong it is until it's in hot water.”,Eleanor Roosevelt,#misattributed-eleanor-roosevelt,3/5/2026 3:55,WebScraper
"“A day without sunshine is like, you know, night.”",Steve Martin,#humor #obvious #simile,3/5/2026 3:55,WebScraper
